,mean,mean,median,median,std,std,rise_time,rise_time,fall_time,fall_time
,mean,std,mean,std,mean,std,mean,std,mean,std
class,,,,,,,,,,
glass,61.7562469812552,13.444658531992962,64.03245949367088,13.709176958374648,12.648418806939954,4.189439073296527,0.439376215905056,0.2611830090344351,0.03310233405734881,0.0783700108786714
metal,86.07541666291938,20.995386399925025,78.57695949367088,18.43061740165247,31.21604802178389,18.312756823633297,0.37786033049132145,0.22042596379823953,0.1125612744427279,0.08800138964651161
paper,95.04662239869965,26.084094381856854,86.54642881355933,29.99047812549211,39.853698912432726,14.839841284310415,0.24098278207464718,0.14366483788261555,0.1298791115211911,0.07658957222540388
plastic,100.05332129468464,23.151232789272864,97.02901194690266,22.390241573647813,32.13679000832367,12.633687314139742,0.2477977391842275,0.08725488052806316,0.19142030094984608,0.07783517848680772
