{
  "best_params": {
    "svm__C": 1.0,
    "svm__gamma": "scale",
    "svm__kernel": "rbf"
  },
  "best_score": 0.6932988264609483,
  "cv_results": {
    "mean_test_score": [
      0.6328640305657316,
      0.2585975422419865,
      0.6144784568782363,
      0.6932988264609483,
      0.5915529132462465,
      0.6898740843318057,
      0.6880062390213418,
      0.6777839790477871,
      0.6781969469687328
    ],
    "std_test_score": [
      0.058948675758574785,
      0.034099266416686015,
      0.06589358275356517,
      0.04120895294476707,
      0.04536303063286571,
      0.053615055627779566,
      0.021176470855619352,
      0.06715410736099373,
      0.03685674156542883
    ],
    "params": [
      "{'svm__C': 0.1, 'svm__gamma': 'scale', 'svm__kernel': 'rbf'}",
      "{'svm__C': 0.1, 'svm__gamma': 0.01, 'svm__kernel': 'rbf'}",
      "{'svm__C': 0.1, 'svm__gamma': 0.1, 'svm__kernel': 'rbf'}",
      "{'svm__C': 1.0, 'svm__gamma': 'scale', 'svm__kernel': 'rbf'}",
      "{'svm__C': 1.0, 'svm__gamma': 0.01, 'svm__kernel': 'rbf'}",
      "{'svm__C': 1.0, 'svm__gamma': 0.1, 'svm__kernel': 'rbf'}",
      "{'svm__C': 10.0, 'svm__gamma': 'scale', 'svm__kernel': 'rbf'}",
      "{'svm__C': 10.0, 'svm__gamma': 0.01, 'svm__kernel': 'rbf'}",
      "{'svm__C': 10.0, 'svm__gamma': 0.1, 'svm__kernel': 'rbf'}"
    ]
  }
}