{
  "metrics": {
    "accuracy": 0.6818181818181818,
    "f1_weighted": 0.6777647392629972,
    "f1_macro": 0.6774800559643765,
    "precision_weighted": 0.6767905991907627,
    "recall_weighted": 0.6818181818181818,
    "per_class": {
      "metal": {
        "precision": 0.5217391304347826,
        "recall": 0.46153846153846156,
        "f1": 0.4897959183673469,
        "support": 26
      },
      "plastic": {
        "precision": 0.7222222222222222,
        "recall": 0.6842105263157895,
        "f1": 0.7027027027027027,
        "support": 38
      },
      "glass": {
        "precision": 0.7586206896551724,
        "recall": 0.8148148148148148,
        "f1": 0.7857142857142857,
        "support": 27
      },
      "paper": {
        "precision": 0.6818181818181818,
        "recall": 0.7894736842105263,
        "f1": 0.7317073170731707,
        "support": 19
      }
    },
    "support": {
      "metal": 26,
      "plastic": 38,
      "glass": 27,
      "paper": 19
    }
  },
  "predictions": [
    2,
    2,
    2,
    2,
    2,
    3,
    1,
    1,
    1,
    1,
    1,
    0,
    3,
    3,
    3,
    0,
    2,
    2,
    2,
    1,
    1,
    0,
    3,
    3,
    1,
    1,
    1,
    1,
    1,
    3,
    2,
    2,
    0,
    0,
    0,
    1,
    1,
    2,
    2,
    2,
    2,
    0,
    2,
    0,
    0,
    0,
    2,
    0,
    0,
    2,
    0,
    2,
    1,
    1,
    3,
    2,
    2,
    2,
    3,
    3,
    3,
    3,
    3,
    3,
    3,
    3,
    2,
    2,
    3,
    3,
    1,
    3,
    3,
    0,
    1,
    1,
    0,
    1,
    2,
    1,
    0,
    1,
    3,
    2,
    2,
    2,
    3,
    0,
    0,
    1,
    2,
    0,
    1,
    0,
    1,
    1,
    1,
    1,
    1,
    1,
    1,
    0,
    1,
    0,
    1,
    1,
    0,
    1,
    1,
    2
  ],
  "probabilities": [
    [
      0.268761062391325,
      0.05900271768594049,
      0.5216044697480902,
      0.15063175017464397
    ],
    [
      0.048863329881367386,
      0.011722086026318222,
      0.9309045156815544,
      0.008510068410759812
    ],
    [
      0.1037112913875783,
      0.051384870700067045,
      0.8045831293228208,
      0.04032070858953377
    ],
    [
      0.12333358196372975,
      0.05341251005590793,
      0.7801883967887092,
      0.04306551119165329
    ],
    [
      0.03315008526476501,
      0.010509379359988755,
      0.9489580710895342,
      0.007382464285711979
    ],
    [
      0.04434807726764015,
      0.37586738247308304,
      0.00259162815641758,
      0.5771929121028593
    ],
    [
      0.21900260423069406,
      0.6814401019850767,
      0.006491974082842078,
      0.09306531970138744
    ],
    [
      0.08108394570694293,
      0.8359714323391356,
      0.008203894482251818,
      0.07474072747166953
    ],
    [
      0.06768432711985381,
      0.9019685370105016,
      0.004988872038296329,
      0.02535826383134815
    ],
    [
      0.048553268849932094,
      0.7756633809499518,
      0.00831056202309196,
      0.16747278817702427
    ],
    [
      0.0366996827247716,
      0.8547794773157859,
      0.006362537082018956,
      0.1021583028774238
    ],
    [
      0.7032102842484491,
      0.16752259796720542,
      0.039316911106448776,
      0.08995020667789645
    ],
    [
      0.05118276481353311,
      0.24337612177386225,
      0.012026755102352963,
      0.693414358310252
    ],
    [
      0.04758549121978434,
      0.5041498972074853,
      0.009347420770078031,
      0.4389171908026527
    ],
    [
      0.07603805054056434,
      0.23336114893297125,
      0.01570399277369995,
      0.6748968077527648
    ],
    [
      0.5771752259794136,
      0.04879809988063467,
      0.3536959046247194,
      0.020330769515232525
    ],
    [
      0.10691160473671237,
      0.05008781436577627,
      0.8097976522670339,
      0.03320292863047738
    ],
    [
      0.0996859095296014,
      0.01390369059211502,
      0.8807001800221677,
      0.005710219856116049
    ],
    [
      0.19310036865355676,
      0.041107174746712924,
      0.7470882018760382,
      0.01870425472369195
    ],
    [
      0.05971249323781707,
      0.9107647398945781,
      0.005472063946522863,
      0.024050702921082103
    ],
    [
      0.09278544260764579,
      0.8761711707123561,
      0.007782862109381548,
      0.023260524570616267
    ],
    [
      0.4249920604315827,
      0.49222315703798253,
      0.06059123163446922,
      0.02219355089596532
    ],
    [
      0.08198711033926737,
      0.12130215396684127,
      0.001301147105087271,
      0.7954095885888041
    ],
    [
      0.08061459309803903,
      0.10891756790934762,
      0.005397163225574489,
      0.805070675767039
    ],
    [
      0.11681630236113714,
      0.8243786544234277,
      0.004623993790452487,
      0.054181049424982614
    ],
    [
      0.19865909758930314,
      0.6630594928797202,
      0.006050227474793113,
      0.1322311820561837
    ],
    [
      0.08295017160730452,
      0.8797057514190074,
      0.0038159347555208004,
      0.03352814221816739
    ],
    [
      0.05928900529791614,
      0.9095979269361645,
      0.003056438440982907,
      0.02805662932493648
    ],
    [
      0.04933273954055653,
      0.6774166281486734,
      0.00807437006600039,
      0.26517626224476953
    ],
    [
      0.1345399518602192,
      0.09143939967642864,
      0.012013482473548982,
      0.7620071659898029
    ],
    [
      0.10591899024360418,
      0.021037801296127135,
      0.8492366648213507,
      0.023806543638918046
    ],
    [
      0.43689347823551944,
      0.06243589824639239,
      0.4266314888602395,
      0.07403913465784903
    ],
    [
      0.575092579227692,
      0.30170416666099575,
      0.015470662328793652,
      0.10773259178251851
    ],
    [
      0.8190117866343591,
      0.09656433185514844,
      0.018563458364990664,
      0.06586042314550179
    ],
    [
      0.6447712002880638,
      0.1025838440087723,
      0.18843832509615002,
      0.06420663060701383
    ],
    [
      0.06225220323945909,
      0.9107446301069426,
      0.0033305699746050362,
      0.023672596678993716
    ],
    [
      0.04554578134095021,
      0.9358961450400337,
      0.003142707215522297,
      0.015415366403493641
    ],
    [
      0.0340241223285007,
      0.011639961588245287,
      0.9480770594473027,
      0.006258856635951169
    ],
    [
      0.05470156000225945,
      0.03994581219469267,
      0.8605042262474031,
      0.04484840155564494
    ],
    [
      0.0763368321925652,
      0.044087705738001706,
      0.8381447410509307,
      0.04143072101850233
    ],
    [
      0.09053870075076761,
      0.012107797558458708,
      0.8925338915724024,
      0.004819610118371267
    ],
    [
      0.6174697517562422,
      0.10461101286550867,
      0.06474217419398497,
      0.2131770611842641
    ],
    [
      0.459029519765832,
      0.04240824765665751,
      0.48226405836402136,
      0.016298174213489332
    ],
    [
      0.856070983416012,
      0.08407629969643507,
      0.011344700374997943,
      0.048508016512554916
    ],
    [
      0.8412886730115822,
      0.08091628089476356,
      0.017458096534333573,
      0.06033694955932066
    ],
    [
      0.7878246884112383,
      0.1290549487246506,
      0.012139490417314195,
      0.07098087244679667
    ],
    [
      0.24104889699221227,
      0.03319393788454304,
      0.7095578652640068,
      0.016199299859237928
    ],
    [
      0.6964685547276243,
      0.15047709937759343,
      0.06601491259044943,
      0.08703943330433273
    ],
    [
      0.7348459094180342,
      0.07243257429292878,
      0.12993080988265077,
      0.06279070640638615
    ],
    [
      0.08976726568555857,
      0.019836578247913624,
      0.8643853680983742,
      0.026010787968153693
    ],
    [
      0.6380525199533778,
      0.10101673622811501,
      0.22129659998399603,
      0.03963414383451144
    ],
    [
      0.21807643689654915,
      0.028252490028013305,
      0.7456541135031916,
